{
    "textures": {
        "particle": "blocks/planks_oak",
        "chair_tex": "blocks/planks_oak"
    },
    "elements": [
        {
            "name": "Seat",
            "from": [
                3.5,
                6.5,
                4.5
            ],
            "to": [
                12.5,
                7.5,
                11.5
            ],
            "faces": {
                "up": {
                    "uv": [
                        0.0,
                        0.0,
                        9.0,
                        7.0
                    ],
                    "texture": "#chair_tex"
                },
                "down": {
                    "uv": [
                        0.0,
                        0.0,
                        9.0,
                        7.0
                    ],
                    "texture": "#chair_tex"
                },
                "west": {
                    "uv": [
                        0.0,
                        0.0,
                        7.0,
                        1.0
                    ],
                    "texture": "#chair_tex"
                },
                "south": {
                    "uv": [
                        0.0,
                        0.0,
                        9.0,
                        1.0
                    ],
                    "texture": "#chair_tex"
                },
                "east": {
                    "uv": [
                        0.0,
                        0.0,
                        7.0,
                        1.0
                    ],
                    "texture": "#chair_tex"
                },
                "north": {
                    "uv": [
                        0.0,
                        0.0,
                        9.0,
                        1.0
                    ],
                    "texture": "#chair_tex"
                }
            }
        },
        {
            "name": "Back",
            "from": [
                3.5,
                6.5,
                3.5
            ],
            "to": [
                12.5,
                15.5,
                4.5
            ],
            "faces": {
                "up": {
                    "uv": [
                        0.0,
                        0.0,
                        9.0,
                        1.0
                    ],
                    "texture": "#chair_tex"
                },
                "down": {
                    "uv": [
                        0.0,
                        0.0,
                        9.0,
                        1.0
                    ],
                    "texture": "#chair_tex"
                },
                "west": {
                    "uv": [
                        0.0,
                        0.0,
                        1.0,
                        9.0
                    ],
                    "texture": "#chair_tex"
                },
                "south": {
                    "uv": [
                        0.0,
                        0.0,
                        9.0,
                        9.0
                    ],
                    "texture": "#chair_tex"
                },
                "east": {
                    "uv": [
                        0.0,
                        0.0,
                        1.0,
                        9.0
                    ],
                    "texture": "#chair_tex"
                },
                "north": {
                    "uv": [
                        0.0,
                        0.0,
                        9.0,
                        9.0
                    ],
                    "texture": "#chair_tex"
                }
            }
        },
        {
            "name": "Leg1",
            "from": [
                4.5,
                -0.5,
                9.5
            ],
            "to": [
                5.5,
                6.5,
                10.5
            ],
            "faces": {
                "up": {
                    "uv": [
                        0.0,
                        0.0,
                        1.0,
                        1.0
                    ],
                    "texture": "#chair_tex"
                },
                "down": {
                    "uv": [
                        0.0,
                        0.0,
                        1.0,
                        1.0
                    ],
                    "texture": "#chair_tex"
                },
                "west": {
                    "uv": [
                        0.0,
                        0.0,
                        1.0,
                        7.0
                    ],
                    "texture": "#chair_tex"
                },
                "south": {
                    "uv": [
                        0.0,
                        0.0,
                        1.0,
                        7.0
                    ],
                    "texture": "#chair_tex"
                },
                "east": {
                    "uv": [
                        0.0,
                        0.0,
                        1.0,
                        7.0
                    ],
                    "texture": "#chair_tex"
                },
                "north": {
                    "uv": [
                        0.0,
                        0.0,
                        1.0,
                        7.0
                    ],
                    "texture": "#chair_tex"
                }
            }
        },
        {
            "name": "Leg2",
            "from": [
                10.5,
                -0.5,
                9.5
            ],
            "to": [
                11.5,
                6.5,
                10.5
            ],
            "faces": {
                "up": {
                    "uv": [
                        0.0,
                        0.0,
                        1.0,
                        1.0
                    ],
                    "texture": "#chair_tex"
                },
                "down": {
                    "uv": [
                        0.0,
                        0.0,
                        1.0,
                        1.0
                    ],
                    "texture": "#chair_tex"
                },
                "west": {
                    "uv": [
                        0.0,
                        0.0,
                        1.0,
                        7.0
                    ],
                    "texture": "#chair_tex"
                },
                "south": {
                    "uv": [
                        0.0,
                        0.0,
                        1.0,
                        7.0
                    ],
                    "texture": "#chair_tex"
                },
                "east": {
                    "uv": [
                        0.0,
                        0.0,
                        1.0,
                        7.0
                    ],
                    "texture": "#chair_tex"
                },
                "north": {
                    "uv": [
                        0.0,
                        0.0,
                        1.0,
                        7.0
                    ],
                    "texture": "#chair_tex"
                }
            }
        },
        {
            "name": "Leg3",
            "from": [
                4.5,
                -0.5,
                4.5
            ],
            "to": [
                5.5,
                6.5,
                5.5
            ],
            "faces": {
                "up": {
                    "uv": [
                        0.0,
                        0.0,
                        1.0,
                        1.0
                    ],
                    "texture": "#chair_tex"
                },
                "down": {
                    "uv": [
                        0.0,
                        0.0,
                        1.0,
                        1.0
                    ],
                    "texture": "#chair_tex"
                },
                "west": {
                    "uv": [
                        0.0,
                        0.0,
                        1.0,
                        7.0
                    ],
                    "texture": "#chair_tex"
                },
                "south": {
                    "uv": [
                        0.0,
                        0.0,
                        1.0,
                        7.0
                    ],
                    "texture": "#chair_tex"
                },
                "east": {
                    "uv": [
                        0.0,
                        0.0,
                        1.0,
                        7.0
                    ],
                    "texture": "#chair_tex"
                },
                "north": {
                    "uv": [
                        0.0,
                        0.0,
                        1.0,
                        7.0
                    ],
                    "texture": "#chair_tex"
                }
            }
        },
        {
            "name": "Leg4",
            "from": [
                10.5,
                -0.5,
                4.5
            ],
            "to": [
                11.5,
                6.5,
                5.5
            ],
            "faces": {
                "up": {
                    "uv": [
                        0.0,
                        0.0,
                        1.0,
                        1.0
                    ],
                    "texture": "#chair_tex"
                },
                "down": {
                    "uv": [
                        0.0,
                        0.0,
                        1.0,
                        1.0
                    ],
                    "texture": "#chair_tex"
                },
                "west": {
                    "uv": [
                        0.0,
                        0.0,
                        1.0,
                        7.0
                    ],
                    "texture": "#chair_tex"
                },
                "south": {
                    "uv": [
                        0.0,
                        0.0,
                        1.0,
                        7.0
                    ],
                    "texture": "#chair_tex"
                },
                "east": {
                    "uv": [
                        0.0,
                        0.0,
                        1.0,
                        7.0
                    ],
                    "texture": "#chair_tex"
                },
                "north": {
                    "uv": [
                        0.0,
                        0.0,
                        1.0,
                        7.0
                    ],
                    "texture": "#chair_tex"
                }
            }
        }
    ]
}